"SamAccountName","GivenName","Surname"
"pwf3210","Audra","Millsaps"
"ihx3335","Fernanda","Speed"
"ucq6225","Aletha","Denn"
"ngj5012","Janett","Stairs"
"ipt9462","Clarisa","Zajac"
"lim6003","Ashlie","Cozart"
"uty5533","Arica","Brossard"
"nsi2028","Briana","Farabee"
"jmo1874","Michal","Niblett"
"bll6784","Alexandria","Corn"
"uzi7855","Garry","Kyle"
"yuv3145","Bibi","Branum"
"dxf7604","Clarence","Konkol"
"qlr7586","Patrina","Mclellan"
"mhi2184","Ashely","Camire"
"mtp1904","Valery","Kan"
"tnz8172","Gigi","Fagan"
"jdy6944","Rosendo","Belville"
"tkw8923","Barton","Holstein"
"eie8963","Luvenia","Demasi"
"rgs4192","Enriqueta","Peden"
"aau4513","Errol","Amendola"
"knn1147","Elidia","Mcwhorter"
"pav7755","Ettie","Presnell"
"dlq9482","Gustavo","Cearley"
"upi4851","Donovan","Rondon"
"ows7809","Delta","Pizana"
"kur8740","Katharine","Londono"
"hwt8217","Patrice","Milhorn"
"wyd8719","Lajuana","Battey"
